title,views,published,channel,duration
I Lived in a Van for 30 Days (Here's What Broke),2400000,2026-03-02,VanLifeCo,18:22
Van tour 2026,41000,2026-03-16,VanLifeCo,12:05
Weekly Q&A,18000,2026-03-30,VanLifeCo,22:10
Solar setup explained,52000,2026-04-13,VanLifeCo,15:40
Why I Almost Quit Van Life,410000,2026-04-27,VanLifeCo,14:02
Cheap vs Expensive Van Build: Not Even Close,780000,2026-05-11,VanLifeCo,20:31
Grocery haul,15000,2026-05-25,VanLifeCo,9:12
$500 Van Kitchen Build,220000,2026-06-08,VanLifeCo,16:45
Cooking in the van,22000,2026-06-22,VanLifeCo,11:30
Morning routine in a van,19000,2026-07-06,VanLifeCo,10:08
I Tried Every Portable Power Station So You Don't Have To,1900000,2026-02-10,OffGridLab,24:11
Power station review: model X,30000,2026-02-24,OffGridLab,13:20
Wiring basics,26000,2026-03-10,OffGridLab,17:55
The Solar Mistake That Ruined My Batteries,640000,2026-03-24,OffGridLab,12:44
Battery comparison,35000,2026-04-07,OffGridLab,15:15
Off-grid update,21000,2026-04-21,OffGridLab,8:40
How I Built a Solar Generator for $300,1100000,2026-05-05,OffGridLab,19:03
Charging tests,28000,2026-05-19,OffGridLab,14:12
Inverter guide,33000,2026-06-02,OffGridLab,16:27
Generator vs Solar: Which Is Cheaper?,290000,2026-06-16,OffGridLab,13:58
