Content,Video title,Video publish time,Duration,Views,Watch time (hours),Subscribers,Impressions,Impressions click-through rate (%),Average view duration (hh:mm:ss),Average percentage viewed (%),Likes,Comments added,Shares,Thumbnail
Total,,,,80500,7412.3,1341,1642000,4.71,0:05:31,38.4,4120,612,388,
aB3dEfGh1jK,I Tried Sleeping in the Camper for 7 Nights,"May 31, 2026",930,38000,3610.0,812,721000,5.9,0:05:42,36.8,2140,318,201,https://i.ytimg.com/vi/aB3dEfGh1jK/hqdefault.jpg
cD4eFgHi2kL,Why My Camper Build Went Wrong,"Jul 12, 2026",778,21000,2020.5,290,398000,5.1,0:05:46,44.5,1102,164,97,https://i.ytimg.com/vi/cD4eFgHi2kL/hqdefault.jpg
eF5gHiJk3lM,Electrical install,"Jul 26, 2026",1085,5200,489.7,64,131000,4.2,0:05:39,31.2,301,41,22,https://i.ytimg.com/vi/eF5gHiJk3lM/hqdefault.jpg
gH6iJkLm4nO,Water system,"Jun 28, 2026",1060,4800,412.3,52,118000,4.0,0:05:09,29.2,264,33,19,https://i.ytimg.com/vi/gH6iJkLm4nO/hqdefault.jpg
iJ7kLmNo5pQ,Building my first camper,"Apr 5, 2026",860,4100,388.6,48,96000,4.4,0:05:41,39.7,240,26,17,https://i.ytimg.com/vi/iJ7kLmNo5pQ/hqdefault.jpg
kL8mNoPq6rS,Installing the fan,"May 3, 2026",765,3600,251.2,31,84000,3.9,0:04:11,32.8,187,18,14,https://i.ytimg.com/vi/kL8mNoPq6rS/hqdefault.jpg
mN9oPqRs7tU,Bed build,"Jun 14, 2026",795,3300,171.0,27,62000,3.6,0:03:07,23.5,166,9,12,https://i.ytimg.com/vi/mN9oPqRs7tU/hqdefault.jpg
oP1qRsTu8vW,Trip to the coast,"Aug 9, 2026",884,2600,69.0,17,32000,2.8,0:01:35,10.8,120,3,6,https://i.ytimg.com/vi/oP1qRsTu8vW/hqdefault.jpg
